iter	RMSE
0	13.99019315
1	13.12653035
2	12.3509788
3	11.61548594
4	10.99308365
5	10.45158443
6	9.937052327
7	9.516222447
8	9.112729408
9	8.70650138
10	8.341297343
11	8.032761282
