iter	RMSE
0	14.3830512
1	13.90081521
2	13.46036038
3	13.07997676
4	12.68370426
5	12.32643147
6	11.99136417
7	11.70887354
8	11.3972603
9	11.08250249
